nome,cpf,dataNascimento,orgao,dataEntrada,dataSaida,matricula,cargo,tipoVinculo,salario,unidadeLotacao,status,sexo,estadoCivil,cor,nacionalidade,email,telefone,avaliacaoDesempenho,cicloAvaliacao
Paulo Rocha Lima,97726275154,27/12/1969,PGE,14/02/1996,,GES-PGE-000001,Técnico,efetivo,13238.5,Unidade PGE - Setor 6,ativo,F,solteiro,parda,Brasileira,servidor.97726275154@goias.gov.br,(62) 92535-4582,3.5,2025
Patrícia Duarte Rocha,03373000203,19/05/1962,SEAD,05/03/2020,,GES-SEAD-000001,Pedagogo,efetivo,12270.34,Unidade SEAD - Setor 1,ativo,M,viúvo,negra,Brasileira,servidor.03373000203@goias.gov.br,(62) 95552-3547,3.4,2024
Camila Barros Barbosa,47938508470,03/03/1969,SEAD,28/02/1999,,GES-SEAD-000002,Administrativo,efetivo,9073.87,Unidade SEAD - Setor 25,ativo,M,união estável,negra,Brasileira,servidor.47938508470@goias.gov.br,(62) 96925-4150,4.4,2023
Olívia Alves Melo,26400286500,11/06/1980,SEAD,04/06/2011,04/07/2021,GES-SEAD-000003,Professor,efetivo,12559.09,Unidade SEAD - Setor 11,exonerado,F,divorciada,branca,Brasileira,servidor.26400286500@goias.gov.br,(62) 95374-2169,4.2,2023
Rafael Machado Rocha,35503310373,17/12/1981,ECONOMIA,16/04/2007,,GES-ECONOMIA-000001,Advogado,comissionado,11879.2,Unidade ECONOMIA - Setor 15,ativo,M,divorciada,amarela,Brasileira,servidor.35503310373@goias.gov.br,(62) 95386-2084,3.4,2025
Felipe Vieira Gomes,55839242683,25/03/1988,ECONOMIA,30/12/2010,,GES-ECONOMIA-000002,Professor,efetivo,11516.37,Unidade ECONOMIA - Setor 35,ativo,F,viúvo,amarela,Brasileira,servidor.55839242683@goias.gov.br,(62) 96930-4593,5.0,2023
Daniel Pereira Gomes,44139573341,17/09/2005,ECONOMIA,03/02/2025,,GES-ECONOMIA-000003,Administrador,efetivo,10761.63,Unidade ECONOMIA - Setor 39,ativo,M,viúvo,amarela,Brasileira,servidor.44139573341@goias.gov.br,(62) 98668-9669,3.5,2025
Patrícia Cardoso Freitas,58039101123,11/01/1961,ECONOMIA,07/07/2025,,GES-ECONOMIA-000004,Técnico,efetivo,4650.45,Unidade ECONOMIA - Setor 1,ativo,F,união estável,branca,Brasileira,servidor.58039101123@goias.gov.br,(62) 99317-2743,4.7,2024
Diego Ribeiro Fernandes,89363289800,18/07/2005,DETRAN,01/04/2025,,GES-DETRAN-000001,Contador,comissionado,9807.65,Unidade DETRAN - Setor 32,ativo,M,solteira,negra,Brasileira,servidor.89363289800@goias.gov.br,(62) 96038-4923,3.1,2025
Eduarda Fernandes Lima,99169391440,24/01/1967,DETRAN,04/11/1998,,GES-DETRAN-000002,Contador,efetivo,13878.13,Unidade DETRAN - Setor 11,ativo,F,união estável,amarela,Brasileira,servidor.99169391440@goias.gov.br,(62) 94470-9835,4.5,2025
Diego Nunes Castro,14761923164,17/01/1978,SSP,10/01/2010,,GES-SSP-000001,Pedagogo,efetivo,5428.96,Unidade SSP - Setor 22,ativo,M,união estável,branca,Brasileira,servidor.14761923164@goias.gov.br,(62) 94608-1117,3.1,2025
Carla Freitas Rodrigues,15691763377,13/04/1965,SSP,08/04/2005,,GES-SSP-000002,Contador,efetivo,10627.04,Unidade SSP - Setor 14,ativo,M,viúva,branca,Brasileira,servidor.15691763377@goias.gov.br,(62) 98749-7669,3.4,2023
Juliana Souza Alves,33687283186,02/09/1998,CBM,23/08/2020,,GES-CBM-000001,Administrativo,efetivo,6769.84,Unidade CBM - Setor 7,ativo,M,casada,branca,Brasileira,servidor.33687283186@goias.gov.br,(62) 99786-8350,3.3,2023
Eduarda Nunes Machado,95672687113,27/12/1984,CBM,27/09/2023,,GES-CBM-000002,Técnico,efetivo,14491.6,Unidade CBM - Setor 1,ativo,M,casada,branca,Brasileira,servidor.95672687113@goias.gov.br,(62) 97658-8956,4.0,2024
Elisa Barbosa Vieira,17323271223,05/04/1965,CBM,21/05/2002,,GES-CBM-000003,Motorista,efetivo,14000.62,Unidade CBM - Setor 36,ativo,F,casado,branca,Brasileira,servidor.17323271223@goias.gov.br,(62) 95861-4566,4.9,2025
Tatiana Costa Correia,01081049073,20/06/1965,DGPP,25/01/2009,,GES-DGPP-000001,Contador,efetivo,14041.11,Unidade DGPP - Setor 6,ativo,M,solteira,parda,Brasileira,servidor.01081049073@goias.gov.br,(62) 94853-7615,3.2,2025
Gustavo Cavalcanti Pinto,48408718681,01/02/1982,DGPP,13/11/2001,,GES-DGPP-000002,Contador,efetivo,5850.96,Unidade DGPP - Setor 21,ativo,M,divorciado,amarela,Brasileira,servidor.48408718681@goias.gov.br,(62) 93144-5915,3.9,2023
Samuel Alves Rodrigues,09546723215,01/11/1960,DGPP,23/07/2015,,GES-DGPP-000003,Analista,efetivo,5902.84,Unidade DGPP - Setor 23,ativo,M,casada,negra,Brasileira,servidor.09546723215@goias.gov.br,(62) 95669-3584,3.9,2025
Otávio Silva Machado,30349744505,20/02/1987,DGPP,09/11/2018,28/02/2026,GES-DGPP-000004,Motorista,comissionado,4011.96,Unidade DGPP - Setor 9,exonerado,F,solteira,parda,Brasileira,servidor.30349744505@goias.gov.br,(62) 93546-5462,3.6,2023
Quitéria Correia Ramos,12770398016,05/10/1990,DGPC,29/04/2013,,GES-DGPC-000001,Professor,comissionado,12699.41,Unidade DGPC - Setor 6,ativo,F,divorciado,parda,Brasileira,servidor.12770398016@goias.gov.br,(62) 91058-6464,4.5,2025
Renata Lopes Machado,02627784161,02/07/1983,DGPC,30/09/2008,,GES-DGPC-000002,Analista,efetivo,13857.1,Unidade DGPC - Setor 10,ativo,M,divorciada,branca,Brasileira,servidor.02627784161@goias.gov.br,(62) 98041-3088,3.1,2024
Paulo Alves Barros,44611288226,31/07/1963,DGPC,19/01/2011,,GES-DGPC-000003,Analista,comissionado,7554.62,Unidade DGPC - Setor 40,ativo,M,casada,branca,Brasileira,servidor.44611288226@goias.gov.br,(62) 93900-7755,3.0,2025
Paulo Cardoso Ribeiro,60472420224,20/10/1989,DGPC,07/05/2025,,GES-DGPC-000004,Técnico,efetivo,3253.08,Unidade DGPC - Setor 31,afastado,M,casada,amarela,Brasileira,servidor.60472420224@goias.gov.br,(62) 96728-6000,4.6,2023
Felipe Freitas Cardoso,56482969160,31/12/1979,DGPC,22/01/1999,,GES-DGPC-000005,Assistente,cedido,6065.76,Unidade DGPC - Setor 33,ativo,F,união estável,negra,Brasileira,servidor.56482969160@goias.gov.br,(62) 91452-2889,4.8,2024
Quitéria Oliveira Alves,43288809770,08/01/1976,DGPC,16/01/2021,,GES-DGPC-000006,Segurança,efetivo,11323.98,Unidade DGPC - Setor 21,afastado,F,união estável,parda,Brasileira,servidor.43288809770@goias.gov.br,(62) 97311-4114,3.5,2025
Patrícia Almeida Araújo,61836929056,13/02/1999,SES,19/02/2017,,GES-SES-000001,Assessor,efetivo,10571.58,Unidade SES - Setor 22,ativo,F,solteira,negra,Brasileira,servidor.61836929056@goias.gov.br,(62) 99308-6067,4.3,2024
Mariana Duarte Melo,74047112828,06/02/1996,SES,24/09/2020,,GES-SES-000002,Engenheiro,efetivo,6321.11,Unidade SES - Setor 36,ativo,M,divorciado,negra,Brasileira,servidor.74047112828@goias.gov.br,(62) 94443-8043,4.6,2025
Nicolas Correia Costa,16388612180,28/11/1988,SES,03/05/2017,,GES-SES-000003,Engenheiro,efetivo,6120.3,Unidade SES - Setor 40,ativo,F,solteira,branca,Brasileira,servidor.16388612180@goias.gov.br,(62) 96085-4680,4.6,2023
Leonardo Rodrigues Vieira,66824799726,11/03/1962,SES,27/01/1997,,GES-SES-000004,Assessor,comissionado,9535.35,Unidade SES - Setor 25,ativo,F,viúvo,branca,Brasileira,servidor.66824799726@goias.gov.br,(62) 93417-1090,4.8,2023
Otávio Vieira Souza,24092452004,21/02/1998,SES,05/08/2018,,GES-SES-000005,Analista,efetivo,12725.54,Unidade SES - Setor 30,ativo,M,viúva,negra,Brasileira,servidor.24092452004@goias.gov.br,(62) 98251-9270,3.9,2025
Leonardo Nunes Barbosa,54705723074,02/01/2000,SES,15/10/2019,,GES-SES-000006,Enfermeiro,comissionado,6044.54,Unidade SES - Setor 34,ativo,F,casada,negra,Brasileira,servidor.54705723074@goias.gov.br,(62) 98206-2269,4.4,2023
Patrícia Ferreira Lima,28478457470,17/05/1984,SES,09/06/2017,,GES-SES-000007,Contador,efetivo,10919.21,Unidade SES - Setor 14,ativo,M,viúvo,amarela,Brasileira,servidor.28478457470@goias.gov.br,(62) 96421-9890,3.9,2023
Tatiana Santos Pinto,43021076696,22/07/1978,SES,27/05/2015,,GES-SES-000008,Tecnologista,efetivo,13830.08,Unidade SES - Setor 20,ativo,F,viúvo,branca,Brasileira,servidor.43021076696@goias.gov.br,(62) 98999-4595,3.5,2024
Felipe Ribeiro Vieira,51708310487,09/08/1962,SES,11/06/2012,,GES-SES-000009,Contador,cedido,9049.25,Unidade SES - Setor 26,ativo,M,solteira,amarela,Brasileira,servidor.51708310487@goias.gov.br,(62) 93223-8564,3.4,2024
André Freitas Melo,53260093079,04/01/1994,PM,08/05/2019,,GES-PM-000001,Professor,efetivo,12533.51,Unidade PM - Setor 17,ativo,M,viúva,parda,Brasileira,servidor.53260093079@goias.gov.br,(62) 99837-1853,5.0,2024
Carla Santos Dias,88766845653,12/02/1980,PM,12/03/2001,,GES-PM-000002,Médico,comissionado,10069.63,Unidade PM - Setor 16,ativo,M,viúva,parda,Brasileira,servidor.88766845653@goias.gov.br,(62) 94571-8619,4.4,2024
Hugo Ribeiro Moura,48843613006,20/01/1975,PM,06/03/2022,,GES-PM-000003,Técnico,efetivo,13667.98,Unidade PM - Setor 37,ativo,F,viúvo,branca,Brasileira,servidor.48843613006@goias.gov.br,(62) 92245-4978,3.2,2024
Camila Fernandes Lopes,76893189753,10/11/1970,PM,21/05/2020,,GES-PM-000004,Auditor,efetivo,10376.26,Unidade PM - Setor 1,ativo,F,viúva,parda,Brasileira,servidor.76893189753@goias.gov.br,(62) 98102-6934,4.3,2024
Otávio Cardoso Fernandes,95504476500,22/09/1973,PM,15/07/2014,,GES-PM-000005,Psicólogo,efetivo,12461.09,Unidade PM - Setor 38,ativo,F,divorciada,branca,Brasileira,servidor.95504476500@goias.gov.br,(62) 92419-5569,4.8,2023
Marina Teixeira Carvalho,86304111126,09/09/2001,PM,09/12/2023,,GES-PM-000006,Psicólogo,efetivo,12134.64,Unidade PM - Setor 22,ativo,F,divorciado,parda,Brasileira,servidor.86304111126@goias.gov.br,(62) 99464-4130,3.2,2025
Paulo Costa Ramos,43508719936,17/06/1996,PM,01/06/2025,,GES-PM-000007,Pedagogo,efetivo,3888.72,Unidade PM - Setor 15,ativo,F,casada,negra,Brasileira,servidor.43508719936@goias.gov.br,(62) 97046-8753,4.1,2024
Camila Vieira Cardoso,08923282154,04/03/1998,PM,15/07/2024,,GES-PM-000008,Motorista,efetivo,4211.67,Unidade PM - Setor 13,ativo,F,solteira,branca,Brasileira,servidor.08923282154@goias.gov.br,(62) 94138-4545,4.5,2024
Sofia Rocha Araújo,62677948575,22/05/1985,PM,24/11/2007,,GES-PM-000009,Engenheiro,efetivo,11083.82,Unidade PM - Setor 9,ativo,F,solteiro,parda,Brasileira,servidor.62677948575@goias.gov.br,(62) 95786-3068,4.3,2024
Leonardo Costa Nunes,14530164659,15/03/1969,PM,20/07/1995,,GES-PM-000010,Advogado,efetivo,3401.11,Unidade PM - Setor 31,ativo,M,solteira,amarela,Brasileira,servidor.14530164659@goias.gov.br,(62) 99056-2213,4.2,2025
Samuel Moura Ferreira,82690899744,22/10/1964,PM,21/10/2001,,GES-PM-000011,Enfermeiro,efetivo,11743.99,Unidade PM - Setor 39,ativo,M,união estável,amarela,Brasileira,servidor.82690899744@goias.gov.br,(62) 98381-8253,3.6,2025
Daniel Alves Martins,92710798760,21/06/1998,PM,23/11/2019,,GES-PM-000012,Administrador,efetivo,10527.01,Unidade PM - Setor 11,ativo,M,casado,parda,Brasileira,servidor.92710798760@goias.gov.br,(62) 93564-1043,3.8,2025
Sofia Nogueira Vieira,84455363890,27/02/2002,PM,03/06/2023,,GES-PM-000013,Assistente,efetivo,13609.76,Unidade PM - Setor 38,ativo,M,viúvo,parda,Brasileira,servidor.84455363890@goias.gov.br,(62) 99922-4683,4.3,2024
Thiago Pinto Nogueira,89964166141,04/10/1972,PM,15/03/1998,,GES-PM-000014,Pedagogo,efetivo,10857.53,Unidade PM - Setor 26,ativo,F,união estável,amarela,Brasileira,servidor.89964166141@goias.gov.br,(62) 98172-2317,4.2,2024
Fábio Rocha Pinto,65819776321,30/11/1988,SEEL,14/06/2020,,GES-SEEL-000001,TI,comissionado,14495.0,Unidade SEEL - Setor 18,ativo,M,casado,amarela,Brasileira,servidor.65819776321@goias.gov.br,(62) 99502-8245,4.8,2023
Fábio Costa Barros,27719408845,08/02/1999,ABC,23/03/2024,,GES-ABC-000001,Assessor,efetivo,10640.56,Unidade ABC - Setor 11,ativo,F,viúvo,amarela,Brasileira,servidor.27719408845@goias.gov.br,(62) 95722-7561,4.6,2025
Quitéria Teixeira Pereira,71450826750,17/04/1963,SECAMI,27/05/2015,,GES-SECAMI-000001,Tecnologista,comissionado,12451.65,Unidade SECAMI - Setor 1,ativo,F,viúvo,parda,Brasileira,servidor.71450826750@goias.gov.br,(62) 94073-9494,3.7,2024
Renata Lima Nogueira,31529974003,28/08/1999,SEMAD,27/03/2018,,GES-SEMAD-000001,Pedagogo,comissionado,8471.13,Unidade SEMAD - Setor 2,ativo,M,casado,negra,Brasileira,servidor.31529974003@goias.gov.br,(62) 91224-7684,3.2,2023
João Ramos Nogueira,11223726711,25/05/2001,SGG,17/09/2020,,GES-SGG-000001,Contador,efetivo,7661.24,Unidade SGG - Setor 31,ativo,F,casada,amarela,Brasileira,servidor.11223726711@goias.gov.br,(62) 93369-7284,3.4,2025
Eduarda Cardoso Duarte,90974912310,06/08/2005,GOINFRA,08/09/2025,,GES-GOINFRA-000001,Advogado,comissionado,8740.53,Unidade GOINFRA - Setor 1,ativo,F,divorciado,amarela,Brasileira,servidor.90974912310@goias.gov.br,(62) 93434-8316,4.1,2024
Elisa Vieira Teixeira,80439270650,28/10/1989,EMATER,14/03/2020,,GES-EMATER-000001,Médico,cedido,5594.02,Unidade EMATER - Setor 25,ativo,M,viúvo,parda,Brasileira,servidor.80439270650@goias.gov.br,(62) 96213-8749,4.4,2024
Carla Lima Correia,64217707037,21/08/1994,DPE-GO,19/01/2016,,GES-DPEGO-000001,TI,efetivo,3974.27,Unidade DPEGO - Setor 29,ativo,M,união estável,amarela,Brasileira,servidor.64217707037@goias.gov.br,(62) 91251-3361,3.8,2025
Quitéria Freitas Monteiro,60902965700,06/11/1973,SEDS,10/05/1998,,GES-SEDS-000001,Administrador,efetivo,6644.22,Unidade SEDS - Setor 35,ativo,F,divorciada,amarela,Brasileira,servidor.60902965700@goias.gov.br,(62) 99864-1588,4.2,2023
Helena Alves Alves,47405894275,12/10/1985,AGRODEFESA,17/11/2008,,GES-AGRODEFESA-000001,Pedagogo,efetivo,6303.75,Unidade AGRODEFESA - Setor 2,ativo,M,divorciada,parda,Brasileira,servidor.47405894275@goias.gov.br,(62) 95806-6873,3.7,2023
Lucas Ribeiro Carvalho,82209184380,27/11/1981,UEG,24/09/2023,,GES-UEG-000001,Assistente,efetivo,7275.77,Unidade UEG - Setor 16,ativo,F,casado,branca,Brasileira,servidor.82209184380@goias.gov.br,(62) 98555-5161,3.9,2025
Patrícia Ribeiro Rodrigues,43078900517,03/11/1960,UEG,14/11/2015,,GES-UEG-000002,Pedagogo,comissionado,14355.52,Unidade UEG - Setor 20,afastado,F,divorciado,amarela,Brasileira,servidor.43078900517@goias.gov.br,(62) 95949-4263,5.0,2024
Camila Pinto Nogueira,72566593698,26/07/1969,SEDUC,22/08/2005,,GES-SEDUC-000001,Motorista,efetivo,12511.44,Unidade SEDUC - Setor 26,ativo,F,solteiro,parda,Brasileira,servidor.72566593698@goias.gov.br,(62) 99138-5689,4.6,2023
Yasmin Barbosa Lima,56462121203,10/08/1991,SEDUC,09/07/2014,,GES-SEDUC-000002,Administrador,efetivo,10141.26,Unidade SEDUC - Setor 3,ativo,F,viúva,parda,Brasileira,servidor.56462121203@goias.gov.br,(62) 96977-3153,3.2,2024
Mariana Lima Fernandes,23212835303,23/04/1989,SEDUC,27/01/2024,,GES-SEDUC-000003,Auditor,efetivo,13487.8,Unidade SEDUC - Setor 11,ativo,F,viúva,negra,Brasileira,servidor.23212835303@goias.gov.br,(62) 96549-2886,3.9,2023
Felipe Machado Araújo,23289094936,17/08/1972,SEDUC,13/02/2005,,GES-SEDUC-000004,Assistente,efetivo,2962.85,Unidade SEDUC - Setor 35,ativo,M,viúva,negra,Brasileira,servidor.23289094936@goias.gov.br,(62) 95295-7242,4.6,2024
Bruno Machado Teixeira,08613438083,20/09/1969,SEDUC,09/04/2025,,GES-SEDUC-000005,Segurança,efetivo,3539.64,Unidade SEDUC - Setor 30,ativo,F,viúvo,parda,Brasileira,servidor.08613438083@goias.gov.br,(62) 93290-1742,4.9,2024
Patrícia Lima Melo,10651313643,12/03/2004,SEDUC,04/11/2022,,GES-SEDUC-000006,Pedagogo,efetivo,13907.75,Unidade SEDUC - Setor 35,ativo,F,casado,amarela,Brasileira,servidor.10651313643@goias.gov.br,(62) 92622-9017,4.2,2024
Igor Nunes Dias,63532098601,08/12/1962,SEDUC,18/12/2025,,GES-SEDUC-000007,Auditor,efetivo,10822.46,Unidade SEDUC - Setor 35,ativo,F,solteiro,amarela,Brasileira,servidor.63532098601@goias.gov.br,(62) 95520-4109,4.9,2024
Vinícius Santos Souza,20564175706,22/03/1968,SEDUC,23/09/2024,,GES-SEDUC-000008,Advogado,efetivo,4273.31,Unidade SEDUC - Setor 37,ativo,M,solteira,branca,Brasileira,servidor.20564175706@goias.gov.br,(62) 94538-4817,3.7,2023
João Lima Fernandes,64028398681,02/04/1960,SEDUC,09/06/2007,,GES-SEDUC-000009,Professor,efetivo,4086.14,Unidade SEDUC - Setor 2,ativo,M,solteiro,negra,Brasileira,servidor.64028398681@goias.gov.br,(62) 94898-6304,3.0,2024
Otávio Pereira Rodrigues,27309222458,13/09/1964,SEDUC,07/09/2000,,GES-SEDUC-000010,Psicólogo,efetivo,7035.86,Unidade SEDUC - Setor 38,ativo,M,viúva,branca,Brasileira,servidor.27309222458@goias.gov.br,(62) 91710-9543,3.6,2025
Felipe Lopes Alves,90766148815,17/10/1962,SEDUC,23/09/1997,21/09/2007,GES-SEDUC-000011,Psicólogo,efetivo,7989.68,Unidade SEDUC - Setor 6,exonerado,F,casado,parda,Brasileira,servidor.90766148815@goias.gov.br,(62) 93067-5505,4.2,2025
Sofia Vieira Correia,53110218020,04/03/1989,SEDUC,18/09/2015,26/02/2022,GES-SEDUC-000012,Segurança,efetivo,12079.22,Unidade SEDUC - Setor 8,exonerado,M,viúvo,amarela,Brasileira,servidor.53110218020@goias.gov.br,(62) 94743-7779,3.7,2024
André Lopes Teixeira,35314119188,09/10/1995,SEDUC,06/02/2023,,GES-SEDUC-000013,Professor,efetivo,4585.88,Unidade SEDUC - Setor 31,ativo,M,solteira,parda,Brasileira,servidor.35314119188@goias.gov.br,(62) 92527-8075,3.2,2025
Tatiana Machado Machado,20684885743,06/06/1993,SEDUC,06/05/2014,,GES-SEDUC-000014,Advogado,efetivo,7606.46,Unidade SEDUC - Setor 28,ativo,M,divorciado,negra,Brasileira,servidor.20684885743@goias.gov.br,(62) 96761-2697,4.2,2023
Gabriela Barros Machado,52506393056,18/11/1973,SEDUC,16/06/2024,,GES-SEDUC-000015,Auditor,efetivo,6059.25,Unidade SEDUC - Setor 15,ativo,F,união estável,parda,Brasileira,servidor.52506393056@goias.gov.br,(62) 95381-1474,3.4,2025
Lucas Gomes Pinto,21051907403,20/09/1987,SEDUC,04/05/2013,,GES-SEDUC-000016,Tecnologista,efetivo,11469.34,Unidade SEDUC - Setor 2,ativo,M,união estável,branca,Brasileira,servidor.21051907403@goias.gov.br,(62) 97163-7878,3.9,2023
Samuel Ferreira Souza,01191634388,13/03/1993,SEDUC,08/03/2018,,GES-SEDUC-000017,Contador,efetivo,10028.71,Unidade SEDUC - Setor 6,ativo,F,viúva,amarela,Brasileira,servidor.01191634388@goias.gov.br,(62) 98957-8242,3.8,2023
Hugo Nogueira Cavalcanti,79363272583,18/12/2005,SEDUC,12/04/2024,,GES-SEDUC-000018,Psicólogo,efetivo,6408.51,Unidade SEDUC - Setor 15,ativo,F,solteiro,parda,Brasileira,servidor.79363272583@goias.gov.br,(62) 94349-5938,4.9,2023
Ana Ramos Lopes,54594432379,03/12/1982,SEDUC,27/11/2013,,GES-SEDUC-000019,Engenheiro,efetivo,9031.21,Unidade SEDUC - Setor 15,ativo,F,solteira,amarela,Brasileira,servidor.54594432379@goias.gov.br,(62) 91693-8147,3.0,2023
Felipe Duarte Nogueira,92288483083,01/02/1988,SEDUC,31/12/2018,,GES-SEDUC-000020,Técnico,efetivo,14104.54,Unidade SEDUC - Setor 11,ativo,F,divorciada,parda,Brasileira,servidor.92288483083@goias.gov.br,(62) 98155-2734,3.5,2025
Thiago Freitas Rocha,89926134661,04/12/1995,SEDUC,04/09/2025,,GES-SEDUC-000021,Advogado,efetivo,3693.64,Unidade SEDUC - Setor 8,ativo,M,divorciada,negra,Brasileira,servidor.89926134661@goias.gov.br,(62) 93419-4871,3.2,2024
Eduarda Carvalho Ramos,54599824216,12/09/1977,SEDUC,24/06/2003,,GES-SEDUC-000022,Pedagogo,efetivo,11690.56,Unidade SEDUC - Setor 29,ativo,F,divorciada,branca,Brasileira,servidor.54599824216@goias.gov.br,(62) 98205-2118,3.9,2025
Daniel Barros Correia,20613494202,02/03/1987,SEDUC,10/01/2023,,GES-SEDUC-000023,Assistente,efetivo,8087.39,Unidade SEDUC - Setor 4,ativo,F,divorciado,parda,Brasileira,servidor.20613494202@goias.gov.br,(62) 92479-9307,3.8,2025
Samuel Almeida Teixeira,11444938207,06/09/1963,SEDUC,05/03/2015,,GES-SEDUC-000024,Segurança,efetivo,4565.07,Unidade SEDUC - Setor 4,afastado,F,solteira,negra,Brasileira,servidor.11444938207@goias.gov.br,(62) 92381-9266,4.3,2023
Otávio Ribeiro Araújo,18074256308,24/03/1982,SEDUC,12/11/2019,26/03/2026,GES-SEDUC-000025,Auditor,comissionado,7332.77,Unidade SEDUC - Setor 22,exonerado,M,divorciada,parda,Brasileira,servidor.18074256308@goias.gov.br,(62) 96401-2548,4.1,2024
Vinícius Gomes Freitas,11709206675,28/06/1985,SEDUC,16/10/2014,,GES-SEDUC-000026,Assistente,efetivo,4454.71,Unidade SEDUC - Setor 23,ativo,F,viúvo,branca,Brasileira,servidor.11709206675@goias.gov.br,(62) 92388-6072,4.1,2025
Otávio Ferreira Lopes,96150850307,20/06/1989,SEDUC,14/09/2025,,GES-SEDUC-000027,Contador,efetivo,7042.39,Unidade SEDUC - Setor 12,ativo,M,divorciada,amarela,Brasileira,servidor.96150850307@goias.gov.br,(62) 94145-4711,5.0,2023
Gabriela Correia Fernandes,46669502303,03/12/1966,SEDUC,08/04/2008,,GES-SEDUC-000028,Contador,efetivo,6740.14,Unidade SEDUC - Setor 40,ativo,M,viúvo,branca,Brasileira,servidor.46669502303@goias.gov.br,(62) 93658-3962,4.7,2025
Diego Dias Nunes,36393610166,07/11/1974,SEDUC,19/08/2014,,GES-SEDUC-000029,Segurança,efetivo,11557.88,Unidade SEDUC - Setor 29,ativo,M,união estável,branca,Brasileira,servidor.36393610166@goias.gov.br,(62) 96070-8684,4.8,2023
Sofia Melo Correia,49230293075,31/12/1992,SEDUC,16/10/2023,28/02/2026,GES-SEDUC-000030,Contador,efetivo,4696.08,Unidade SEDUC - Setor 13,exonerado,M,divorciado,parda,Brasileira,servidor.49230293075@goias.gov.br,(62) 98873-7081,4.1,2023
Karina Cardoso Nunes,55288056862,09/03/1971,SEDUC,15/10/2007,,GES-SEDUC-000031,Contador,efetivo,7918.43,Unidade SEDUC - Setor 15,ativo,F,divorciada,parda,Brasileira,servidor.55288056862@goias.gov.br,(62) 97797-1872,3.8,2024
Olívia Santos Teixeira,98784968052,24/02/1981,SEDUC,20/06/2016,01/03/2021,GES-SEDUC-000032,Técnico,comissionado,10404.54,Unidade SEDUC - Setor 10,exonerado,M,solteiro,negra,Brasileira,servidor.98784968052@goias.gov.br,(62) 98740-3273,4.5,2024
Fábio Santos Barbosa,33515184392,30/03/2000,SEDUC,21/02/2025,,GES-SEDUC-000033,Médico,comissionado,9221.01,Unidade SEDUC - Setor 39,ativo,F,solteira,negra,Brasileira,servidor.33515184392@goias.gov.br,(62) 94893-5934,3.2,2023
Juliana Rodrigues Pereira,34634583143,30/08/1997,SEDUC,29/10/2022,,GES-SEDUC-000034,Psicólogo,efetivo,2992.29,Unidade SEDUC - Setor 33,ativo,M,casado,negra,Brasileira,servidor.34634583143@goias.gov.br,(62) 98032-1025,4.2,2023
Fábio Castro Araújo,43782560450,16/05/1997,SEDUC,21/06/2017,,GES-SEDUC-000035,Assistente,comissionado,9165.76,Unidade SEDUC - Setor 33,ativo,M,viúvo,amarela,Brasileira,servidor.43782560450@goias.gov.br,(62) 91713-7338,5.0,2024
Camila Dias Alves,40532825276,16/06/1961,SEDUC,07/01/2011,,GES-SEDUC-000036,TI,efetivo,6690.47,Unidade SEDUC - Setor 3,ativo,F,união estável,negra,Brasileira,servidor.40532825276@goias.gov.br,(62) 93868-8612,5.0,2024
Juliana Oliveira Nogueira,42910638650,08/05/1976,SEDUC,18/01/2001,,GES-SEDUC-000037,Médico,efetivo,5133.8,Unidade SEDUC - Setor 3,ativo,F,divorciado,amarela,Brasileira,servidor.42910638650@goias.gov.br,(62) 99897-8756,3.5,2025
Daniel Freitas Cardoso,98152258040,22/02/1977,SEDUC,23/12/2007,,GES-SEDUC-000038,Técnico,efetivo,7912.33,Unidade SEDUC - Setor 26,ativo,F,viúvo,negra,Brasileira,servidor.98152258040@goias.gov.br,(62) 94060-9129,4.4,2024
Fábio Lopes Carvalho,81475002629,05/12/1983,SEDUC,19/08/2005,,GES-SEDUC-000039,Analista,efetivo,4000.4,Unidade SEDUC - Setor 21,ativo,F,divorciado,amarela,Brasileira,servidor.81475002629@goias.gov.br,(62) 97981-3730,4.4,2024
Camila Lopes Cardoso,40939898004,11/02/2000,SEDUC,03/08/2018,,GES-SEDUC-000040,Administrador,cedido,13890.48,Unidade SEDUC - Setor 5,ativo,F,divorciada,branca,Brasileira,servidor.40939898004@goias.gov.br,(62) 91510-3339,4.7,2025
Paulo Araújo Araújo,13825391507,24/04/1999,SEDUC,13/09/2017,,GES-SEDUC-000041,Tecnologista,comissionado,3178.91,Unidade SEDUC - Setor 10,ativo,F,divorciada,negra,Brasileira,servidor.13825391507@goias.gov.br,(62) 98273-2259,4.1,2025
Rafael Dias Pereira,44156956040,02/12/1992,SEDUC,05/11/2019,,GES-SEDUC-000042,Analista,efetivo,8638.81,Unidade SEDUC - Setor 25,ativo,M,divorciado,negra,Brasileira,servidor.44156956040@goias.gov.br,(62) 98311-4515,5.0,2024
Eduarda Nunes Carvalho,79569994053,25/01/2004,SEDUC,10/03/2023,,GES-SEDUC-000043,Pedagogo,cedido,12283.0,Unidade SEDUC - Setor 21,ativo,F,solteira,negra,Brasileira,servidor.79569994053@goias.gov.br,(62) 95914-3580,4.4,2025
Hugo Almeida Lima,95029221239,14/08/1975,SEDUC,20/03/2011,,GES-SEDUC-000044,Enfermeiro,efetivo,3107.52,Unidade SEDUC - Setor 36,ativo,F,viúva,branca,Brasileira,servidor.95029221239@goias.gov.br,(62) 92412-2077,3.6,2025
Gustavo Pinto Rodrigues,54295846902,10/12/2002,SEDUC,21/11/2023,,GES-SEDUC-000045,Contador,cedido,10315.36,Unidade SEDUC - Setor 29,ativo,F,união estável,negra,Brasileira,servidor.54295846902@goias.gov.br,(62) 93102-3981,4.5,2023
Daniel Pereira Castro,32929302780,24/10/1998,SEDUC,14/06/2022,,GES-SEDUC-000046,Contador,efetivo,4695.01,Unidade SEDUC - Setor 15,afastado,F,união estável,negra,Brasileira,servidor.32929302780@goias.gov.br,(62) 92292-5105,3.4,2025
Yasmin Fernandes Ferreira,62748791703,15/08/1984,SEDUC,26/03/2008,,GES-SEDUC-000047,Contador,efetivo,9724.16,Unidade SEDUC - Setor 38,ativo,M,casado,negra,Brasileira,servidor.62748791703@goias.gov.br,(62) 91674-1464,3.2,2025
Gustavo Santos Ramos,55015369271,29/09/1983,SEDUC,14/03/2011,,GES-SEDUC-000048,Administrador,efetivo,10310.32,Unidade SEDUC - Setor 20,ativo,F,casada,amarela,Brasileira,servidor.55015369271@goias.gov.br,(62) 95873-8430,3.1,2023
Juliana Martins Freitas,60201386070,07/03/1974,SEDUC,20/09/2014,,GES-SEDUC-000049,Segurança,efetivo,12879.38,Unidade SEDUC - Setor 21,ativo,F,viúvo,branca,Brasileira,servidor.60201386070@goias.gov.br,(62) 97070-9437,4.1,2024
Igor Dias Gomes,68093639128,08/09/1981,SEDUC,10/08/2020,,GES-SEDUC-000050,Técnico,efetivo,13861.0,Unidade SEDUC - Setor 40,ativo,F,casada,branca,Brasileira,servidor.68093639128@goias.gov.br,(62) 96364-6123,3.4,2023
Thiago Ramos Santos,69298455666,13/09/2004,SEDUC,02/08/2025,,GES-SEDUC-000051,Assistente,comissionado,8713.7,Unidade SEDUC - Setor 16,ativo,M,divorciada,parda,Brasileira,servidor.69298455666@goias.gov.br,(62) 91828-5609,4.0,2025
Gabriela Lopes Lima,18769304971,21/03/2002,SEDUC,04/06/2023,,GES-SEDUC-000052,Professor,efetivo,11737.12,Unidade SEDUC - Setor 24,ativo,M,viúvo,parda,Brasileira,servidor.18769304971@goias.gov.br,(62) 94189-6939,4.1,2023
Renata Cardoso Pereira,91323758917,29/08/1994,SEDUC,20/12/2023,,GES-SEDUC-000053,Contador,cedido,7408.67,Unidade SEDUC - Setor 22,ativo,F,casado,branca,Brasileira,servidor.91323758917@goias.gov.br,(62) 99341-7576,4.0,2023
Leonardo Castro Vieira,71942774923,29/06/1963,SEDUC,23/02/2001,,GES-SEDUC-000054,Contador,efetivo,8831.42,Unidade SEDUC - Setor 21,ativo,F,casado,amarela,Brasileira,servidor.71942774923@goias.gov.br,(62) 95902-6511,4.0,2025
Leonardo Santos Araújo,73555034480,12/12/2003,GOIASPREV,02/12/2025,,GES-GOIASPREV-000001,Advogado,efetivo,14264.81,Unidade GOIASPREV - Setor 38,ativo,F,solteiro,amarela,Brasileira,servidor.73555034480@goias.gov.br,(62) 95350-4728,4.4,2025
Yasmin Melo Gomes,60268026815,07/02/2003,GOIASPREV,22/01/2022,,GES-GOIASPREV-000002,Enfermeiro,efetivo,13894.0,Unidade GOIASPREV - Setor 8,ativo,M,solteiro,amarela,Brasileira,servidor.60268026815@goias.gov.br,(62) 96139-7861,3.3,2025
Yasmin Costa Souza,38866661236,17/04/1978,GOIASPREV,13/09/2014,,GES-GOIASPREV-000003,Contador,efetivo,9362.38,Unidade GOIASPREV - Setor 31,ativo,F,divorciada,branca,Brasileira,servidor.38866661236@goias.gov.br,(62) 98531-9734,3.7,2024
Paulo Cardoso Machado,42128560934,19/09/1983,GOIASPREV,08/06/2023,,GES-GOIASPREV-000004,Motorista,efetivo,14183.05,Unidade GOIASPREV - Setor 20,ativo,F,casada,amarela,Brasileira,servidor.42128560934@goias.gov.br,(62) 96194-8861,3.7,2025
Patrícia Melo Monteiro,56751905548,13/07/1984,GOIASPREV,10/06/2015,,GES-GOIASPREV-000005,Auditor,comissionado,12214.01,Unidade GOIASPREV - Setor 19,ativo,M,divorciado,parda,Brasileira,servidor.56751905548@goias.gov.br,(62) 96674-8247,4.3,2025
Patrícia Cardoso Machado,03670093311,24/12/2002,GOIASPREV,07/03/2022,,GES-GOIASPREV-000006,Professor,efetivo,10003.42,Unidade GOIASPREV - Setor 38,ativo,M,casada,parda,Brasileira,servidor.03670093311@goias.gov.br,(62) 99700-4697,4.3,2023
Leonardo Alves Lima,42597805069,27/12/1968,GOIASPREV,16/07/2013,,GES-GOIASPREV-000007,Analista,cedido,14241.56,Unidade GOIASPREV - Setor 11,ativo,F,viúva,amarela,Brasileira,servidor.42597805069@goias.gov.br,(62) 94267-5706,3.6,2025
Olívia Fernandes Oliveira,47410828307,22/04/1965,GOIASPREV,05/01/1999,,GES-GOIASPREV-000008,Engenheiro,efetivo,12599.98,Unidade GOIASPREV - Setor 3,ativo,F,viúva,branca,Brasileira,servidor.47410828307@goias.gov.br,(62) 95742-1613,3.0,2025
Patrícia Castro Ramos,61187835358,17/08/1969,GOIASPREV,11/01/2010,,GES-GOIASPREV-000009,Contador,comissionado,8275.84,Unidade GOIASPREV - Setor 13,ativo,M,divorciada,branca,Brasileira,servidor.61187835358@goias.gov.br,(62) 98518-5215,4.4,2023
Mariana Carvalho Monteiro,51929587252,30/03/1990,GOIASPREV,23/12/2025,,GES-GOIASPREV-000010,Assessor,efetivo,3814.83,Unidade GOIASPREV - Setor 7,ativo,M,casado,amarela,Brasileira,servidor.51929587252@goias.gov.br,(62) 96301-5064,3.0,2024
Beatriz Moura Cavalcanti,58391554970,16/02/1981,GOIASPREV,02/03/2019,,GES-GOIASPREV-000011,TI,efetivo,10448.1,Unidade GOIASPREV - Setor 16,ativo,M,solteira,amarela,Brasileira,servidor.58391554970@goias.gov.br,(62) 96026-3616,3.8,2025
Sofia Araújo Rocha,18393245974,25/11/1987,GOIASPREV,19/05/2021,,GES-GOIASPREV-000012,Enfermeiro,comissionado,8394.73,Unidade GOIASPREV - Setor 30,ativo,F,viúvo,amarela,Brasileira,servidor.18393245974@goias.gov.br,(62) 99806-4578,4.5,2025
Diego Rodrigues Pinto,44775583336,06/05/1967,GOIASPREV,28/07/2018,,GES-GOIASPREV-000013,Técnico,efetivo,9207.5,Unidade GOIASPREV - Setor 33,ativo,M,união estável,branca,Brasileira,servidor.44775583336@goias.gov.br,(62) 93695-6375,4.7,2024
Tatiana Ramos Ferreira,81027563902,05/06/1970,GOIASPREV,07/07/2025,,GES-GOIASPREV-000014,Contador,efetivo,3450.94,Unidade GOIASPREV - Setor 9,ativo,F,viúva,parda,Brasileira,servidor.81027563902@goias.gov.br,(62) 98575-6049,4.4,2024
Tatiana Rodrigues Oliveira,18269656453,30/10/1982,GOIASPREV,18/12/2000,,GES-GOIASPREV-000015,Assessor,efetivo,3545.99,Unidade GOIASPREV - Setor 4,ativo,M,viúva,parda,Brasileira,servidor.18269656453@goias.gov.br,(62) 95703-7698,3.4,2023
Igor Melo Melo,28887397392,17/09/1997,GOIASPREV,28/11/2019,08/09/2024,GES-GOIASPREV-000016,Assistente,efetivo,10542.97,Unidade GOIASPREV - Setor 35,exonerado,M,divorciada,parda,Brasileira,servidor.28887397392@goias.gov.br,(62) 93924-9802,3.8,2023
Thiago Vieira Fernandes,62355327254,24/12/1979,GOIASPREV,18/02/1998,,GES-GOIASPREV-000017,Assessor,efetivo,12433.32,Unidade GOIASPREV - Setor 16,ativo,F,divorciada,branca,Brasileira,servidor.62355327254@goias.gov.br,(62) 95516-4088,4.9,2025
Gustavo Santos Dias,55682266366,14/02/1970,GOIASPREV,11/06/1996,,GES-GOIASPREV-000018,Médico,efetivo,9749.15,Unidade GOIASPREV - Setor 29,ativo,M,casada,parda,Brasileira,servidor.55682266366@goias.gov.br,(62) 97590-8191,3.5,2023
Sofia Rocha Pinto,43496681101,23/01/1965,GOIASPREV,14/04/2001,,GES-GOIASPREV-000019,Advogado,efetivo,11838.7,Unidade GOIASPREV - Setor 21,ativo,M,divorciado,branca,Brasileira,servidor.43496681101@goias.gov.br,(62) 99540-4621,3.8,2024
Lucas Lopes Machado,90420244026,20/06/1965,GOIASPREV,22/12/2019,,GES-GOIASPREV-000020,Psicólogo,efetivo,6829.65,Unidade GOIASPREV - Setor 25,afastado,F,viúvo,amarela,Brasileira,servidor.90420244026@goias.gov.br,(62) 93444-5913,3.8,2025
Thiago Gomes Vieira,08362419750,25/06/2002,GOIASPREV,31/10/2021,,GES-GOIASPREV-000021,Administrativo,efetivo,14123.1,Unidade GOIASPREV - Setor 36,ativo,M,viúvo,branca,Brasileira,servidor.08362419750@goias.gov.br,(62) 95177-4331,3.7,2023
Mariana Souza Cardoso,55583241128,08/05/2000,GOIASPREV,05/07/2022,,GES-GOIASPREV-000022,Tecnologista,efetivo,9854.19,Unidade GOIASPREV - Setor 5,ativo,M,união estável,branca,Brasileira,servidor.55583241128@goias.gov.br,(62) 98854-4422,4.7,2024
Mariana Pereira Costa,71994215240,14/03/1987,GOIASPREV,02/08/2025,,GES-GOIASPREV-000023,Enfermeiro,efetivo,11034.09,Unidade GOIASPREV - Setor 26,ativo,M,união estável,negra,Brasileira,servidor.71994215240@goias.gov.br,(62) 95637-7236,3.9,2025
Natália Ramos Vieira,45379102166,25/03/1992,GOIASPREV,22/02/2017,,GES-GOIASPREV-000024,Técnico,efetivo,11252.24,Unidade GOIASPREV - Setor 21,ativo,M,divorciada,negra,Brasileira,servidor.45379102166@goias.gov.br,(62) 97781-1749,4.1,2023
Tatiana Cavalcanti Duarte,92684632022,02/02/1973,GOIASPREV,23/09/1995,,GES-GOIASPREV-000025,Motorista,efetivo,6659.42,Unidade GOIASPREV - Setor 25,ativo,M,viúva,negra,Brasileira,servidor.92684632022@goias.gov.br,(62) 95216-9005,4.9,2025
Camila Ribeiro Lima,50864288581,05/01/2004,GOIASPREV,05/08/2024,,GES-GOIASPREV-000026,Analista,efetivo,13527.72,Unidade GOIASPREV - Setor 35,ativo,M,união estável,parda,Brasileira,servidor.50864288581@goias.gov.br,(62) 92217-1794,4.5,2024
João Silva Martins,78588711370,02/05/1972,GOIASPREV,17/04/2023,,GES-GOIASPREV-000027,Contador,efetivo,3507.27,Unidade GOIASPREV - Setor 40,ativo,F,viúva,parda,Brasileira,servidor.78588711370@goias.gov.br,(62) 91108-9719,4.1,2023
Patrícia Nogueira Santos,10764382969,02/07/1961,GOIASPREV,30/09/2018,,GES-GOIASPREV-000028,Contador,efetivo,10686.19,Unidade GOIASPREV - Setor 12,ativo,M,solteira,branca,Brasileira,servidor.10764382969@goias.gov.br,(62) 94948-4144,4.2,2024
Fábio Araújo Monteiro,78275356903,19/10/1991,GOIASPREV,17/10/2015,,GES-GOIASPREV-000029,Pedagogo,efetivo,14385.73,Unidade GOIASPREV - Setor 15,ativo,F,solteira,parda,Brasileira,servidor.78275356903@goias.gov.br,(62) 92531-7640,3.8,2025
Karina Ferreira Ramos,26869985049,14/09/2002,GOIASPREV,06/01/2021,,GES-GOIASPREV-000030,Assessor,efetivo,6675.87,Unidade GOIASPREV - Setor 7,ativo,M,casada,branca,Brasileira,servidor.26869985049@goias.gov.br,(62) 98790-5441,3.1,2023
André Santos Martins,99402587551,25/02/1985,GOIASPREV,17/08/2004,,GES-GOIASPREV-000031,TI,efetivo,12402.08,Unidade GOIASPREV - Setor 26,ativo,M,divorciado,branca,Brasileira,servidor.99402587551@goias.gov.br,(62) 94939-7375,4.4,2025
Isabela Ferreira Correia,16510776901,05/10/1989,GOIASPREV,14/05/2016,,GES-GOIASPREV-000032,Auditor,efetivo,7913.93,Unidade GOIASPREV - Setor 5,ativo,F,viúvo,negra,Brasileira,servidor.16510776901@goias.gov.br,(62) 91485-5478,4.6,2024
Elisa Lopes Carvalho,93486846710,06/01/2004,GOIASPREV,18/04/2023,,GES-GOIASPREV-000033,TI,efetivo,3802.62,Unidade GOIASPREV - Setor 40,ativo,F,casada,parda,Brasileira,servidor.93486846710@goias.gov.br,(62) 92344-5390,3.3,2025
Gabriela Ferreira Silva,68252537197,03/11/1973,GOIASPREV,23/06/2012,,GES-GOIASPREV-000034,Motorista,efetivo,11707.75,Unidade GOIASPREV - Setor 7,ativo,M,solteira,branca,Brasileira,servidor.68252537197@goias.gov.br,(62) 98061-8353,4.1,2025
Camila Machado Ferreira,57166657642,09/08/1996,GOIASPREV,02/12/2016,,GES-GOIASPREV-000035,Segurança,efetivo,6595.83,Unidade GOIASPREV - Setor 25,ativo,M,divorciado,amarela,Brasileira,servidor.57166657642@goias.gov.br,(62) 97353-2387,4.4,2025
Elisa Ribeiro Lima,21061157253,11/10/1981,GOIASPREV,06/06/2025,,GES-GOIASPREV-000036,Professor,efetivo,8569.55,Unidade GOIASPREV - Setor 5,ativo,M,viúvo,negra,Brasileira,servidor.21061157253@goias.gov.br,(62) 97899-5911,4.0,2023
Marina Almeida Vieira,05127731495,25/05/1992,GOIASPREV,15/01/2016,,GES-GOIASPREV-000037,Técnico,efetivo,2879.18,Unidade GOIASPREV - Setor 26,afastado,F,viúvo,negra,Brasileira,servidor.05127731495@goias.gov.br,(62) 98212-6484,3.9,2025
Mariana Costa Teixeira,41201008395,18/03/1972,GOIASPREV,23/06/2008,,GES-GOIASPREV-000038,Engenheiro,cedido,14134.09,Unidade GOIASPREV - Setor 19,ativo,F,casada,negra,Brasileira,servidor.41201008395@goias.gov.br,(62) 97161-5592,4.6,2024
Mariana Cavalcanti Fernandes,59292646869,29/09/1992,GOIASPREV,18/04/2013,,GES-GOIASPREV-000039,Engenheiro,efetivo,9236.16,Unidade GOIASPREV - Setor 30,afastado,M,viúva,negra,Brasileira,servidor.59292646869@goias.gov.br,(62) 92133-7703,4.3,2023
João Lopes Melo,04503752855,03/03/1987,GOIASPREV,06/08/2010,,GES-GOIASPREV-000040,Assistente,efetivo,9795.83,Unidade GOIASPREV - Setor 38,ativo,F,união estável,amarela,Brasileira,servidor.04503752855@goias.gov.br,(62) 99907-1602,4.6,2024
Camila Ribeiro Oliveira,11968917373,16/08/1967,GOIASPREV,27/11/1999,,GES-GOIASPREV-000041,TI,cedido,10726.42,Unidade GOIASPREV - Setor 26,ativo,F,viúvo,parda,Brasileira,servidor.11968917373@goias.gov.br,(62) 91172-2615,3.5,2025
Juliana Cavalcanti Correia,49382713387,30/10/1979,GOIASPREV,28/10/2017,,GES-GOIASPREV-000042,Contador,efetivo,3087.38,Unidade GOIASPREV - Setor 7,ativo,F,viúvo,parda,Brasileira,servidor.49382713387@goias.gov.br,(62) 92901-3321,3.7,2024
Camila Costa Alves,67311120381,06/11/2000,GOIASPREV,02/03/2021,,GES-GOIASPREV-000043,Pedagogo,efetivo,8093.63,Unidade GOIASPREV - Setor 5,ativo,F,solteiro,parda,Brasileira,servidor.67311120381@goias.gov.br,(62) 91370-6620,4.3,2025
Renata Ribeiro Freitas,22098787057,29/09/1974,GOIASPREV,10/12/2005,,GES-GOIASPREV-000044,Analista,efetivo,8206.03,Unidade GOIASPREV - Setor 26,ativo,M,casado,amarela,Brasileira,servidor.22098787057@goias.gov.br,(62) 97481-1478,4.5,2023
Ana Martins Martins,77475806227,01/05/2000,GOIASPREV,20/12/2024,,GES-GOIASPREV-000045,Professor,efetivo,12262.14,Unidade GOIASPREV - Setor 5,ativo,M,união estável,branca,Brasileira,servidor.77475806227@goias.gov.br,(62) 96993-6340,3.4,2023
André Melo Monteiro,38726147203,15/07/1983,GOIASPREV,29/06/2023,,GES-GOIASPREV-000046,TI,efetivo,6918.22,Unidade GOIASPREV - Setor 30,ativo,M,divorciado,parda,Brasileira,servidor.38726147203@goias.gov.br,(62) 93194-6131,3.2,2024
João Correia Melo,97577492060,29/06/1970,GOIASPREV,19/03/2003,,GES-GOIASPREV-000047,Assessor,efetivo,9525.23,Unidade GOIASPREV - Setor 28,ativo,M,viúva,branca,Brasileira,servidor.97577492060@goias.gov.br,(62) 93733-9022,3.6,2023
Daniel Barros Silva,32689170205,22/03/1988,GOIASPREV,07/02/2025,,GES-GOIASPREV-000048,Psicólogo,efetivo,12338.03,Unidade GOIASPREV - Setor 36,ativo,F,viúvo,amarela,Brasileira,servidor.32689170205@goias.gov.br,(62) 97809-8272,4.0,2023
Rafael Rocha Fernandes,50105922587,08/10/1962,GOIASPREV,22/11/2004,,GES-GOIASPREV-000049,Motorista,efetivo,8150.66,Unidade GOIASPREV - Setor 32,ativo,M,solteira,negra,Brasileira,servidor.50105922587@goias.gov.br,(62) 99898-7010,4.1,2023
Helena Alves Dias,02417920379,06/08/1999,GOIASPREV,21/09/2023,,GES-GOIASPREV-000050,Motorista,comissionado,3177.1,Unidade GOIASPREV - Setor 17,ativo,F,solteira,amarela,Brasileira,servidor.02417920379@goias.gov.br,(62) 92923-4882,3.4,2025
Helena Ribeiro Lima,46386663616,16/06/1991,GOIASPREV,25/05/2025,,GES-GOIASPREV-000051,Médico,efetivo,12223.65,Unidade GOIASPREV - Setor 37,ativo,F,união estável,negra,Brasileira,servidor.46386663616@goias.gov.br,(62) 99827-3758,3.6,2025
Natália Alves Lima,63052866630,03/04/1986,GOIASPREV,29/09/2010,,GES-GOIASPREV-000052,Assessor,comissionado,14412.09,Unidade GOIASPREV - Setor 9,ativo,M,casada,branca,Brasileira,servidor.63052866630@goias.gov.br,(62) 96277-5055,4.5,2025
Rafael Duarte Melo,00815518277,26/03/1995,GOIASPREV,17/03/2024,,GES-GOIASPREV-000053,Pedagogo,efetivo,12096.8,Unidade GOIASPREV - Setor 6,ativo,F,união estável,negra,Brasileira,servidor.00815518277@goias.gov.br,(62) 97046-8449,4.9,2024
Juliana Barros Rodrigues,68234725610,22/03/1960,GOIASPREV,07/03/1999,,GES-GOIASPREV-000054,Analista,efetivo,14127.1,Unidade GOIASPREV - Setor 14,ativo,F,divorciado,negra,Brasileira,servidor.68234725610@goias.gov.br,(62) 95646-6533,4.1,2023
Daniel Oliveira Alves,90522986536,17/07/2003,GOIASPREV,17/12/2025,,GES-GOIASPREV-000055,Administrador,efetivo,8177.11,Unidade GOIASPREV - Setor 8,ativo,M,viúva,amarela,Brasileira,servidor.90522986536@goias.gov.br,(62) 91011-8009,3.4,2025
Rafael Ferreira Araújo,44313645950,01/11/1971,GOIASPREV,27/02/2024,,GES-GOIASPREV-000056,Professor,efetivo,10574.75,Unidade GOIASPREV - Setor 11,ativo,M,viúvo,negra,Brasileira,servidor.44313645950@goias.gov.br,(62) 94836-8032,4.3,2025
Eduarda Lima Cavalcanti,57100731488,15/07/1968,GOIASPREV,18/01/1995,,GES-GOIASPREV-000057,Enfermeiro,efetivo,8007.28,Unidade GOIASPREV - Setor 1,ativo,F,solteira,amarela,Brasileira,servidor.57100731488@goias.gov.br,(62) 93165-8826,3.1,2024
Diego Moura Lima,53404172396,06/01/1968,GOIASPREV,06/08/1999,,GES-GOIASPREV-000058,Tecnologista,efetivo,11611.95,Unidade GOIASPREV - Setor 9,ativo,M,solteira,parda,Brasileira,servidor.53404172396@goias.gov.br,(62) 93688-8210,3.7,2023
Igor Martins Ferreira,53880991804,31/07/1973,GOIASPREV,20/06/2013,,GES-GOIASPREV-000059,Técnico,efetivo,4240.94,Unidade GOIASPREV - Setor 25,ativo,F,viúvo,negra,Brasileira,servidor.53880991804@goias.gov.br,(62) 93290-5059,3.6,2023
Vinícius Nogueira Santos,75586109743,06/04/1982,GOIASPREV,31/01/2025,,GES-GOIASPREV-000060,Motorista,efetivo,9901.04,Unidade GOIASPREV - Setor 13,ativo,F,divorciado,parda,Brasileira,servidor.75586109743@goias.gov.br,(62) 94921-9108,3.8,2023
Ana Araújo Teixeira,62475308621,26/10/2004,GOIASPREV,20/03/2023,,GES-GOIASPREV-000061,Contador,efetivo,12615.99,Unidade GOIASPREV - Setor 27,ativo,F,união estável,branca,Brasileira,servidor.62475308621@goias.gov.br,(62) 98717-2195,3.0,2023
Daniel Monteiro Correia,02591819432,27/03/1961,GOIASPREV,05/10/2006,,GES-GOIASPREV-000062,Motorista,efetivo,8662.27,Unidade GOIASPREV - Setor 27,ativo,F,viúvo,parda,Brasileira,servidor.02591819432@goias.gov.br,(62) 99791-9808,4.2,2024
Nicolas Gomes Fernandes,94813322336,02/07/1967,GOIASPREV,25/11/2008,,GES-GOIASPREV-000063,Advogado,efetivo,10221.24,Unidade GOIASPREV - Setor 5,ativo,F,viúvo,branca,Brasileira,servidor.94813322336@goias.gov.br,(62) 91948-5005,3.2,2024
Daniel Moura Carvalho,39663923130,28/05/1970,GOIASPREV,04/05/2015,,GES-GOIASPREV-000064,Técnico,efetivo,4405.38,Unidade GOIASPREV - Setor 1,ativo,M,viúva,negra,Brasileira,servidor.39663923130@goias.gov.br,(62) 99568-9474,4.6,2025
Rafael Pereira Santos,50116970618,05/04/1983,GOIASPREV,30/09/2008,,GES-GOIASPREV-000065,Advogado,efetivo,5982.17,Unidade GOIASPREV - Setor 5,ativo,F,solteira,amarela,Brasileira,servidor.50116970618@goias.gov.br,(62) 98457-9368,3.7,2024
Gabriela Pinto Pereira,92673840745,21/12/1974,GOIASPREV,30/06/2011,,GES-GOIASPREV-000066,Enfermeiro,efetivo,2830.05,Unidade GOIASPREV - Setor 1,ativo,M,solteiro,amarela,Brasileira,servidor.92673840745@goias.gov.br,(62) 96963-7274,4.8,2023
Gustavo Rocha Teixeira,83080305647,04/03/1963,GOIASPREV,20/10/2019,,GES-GOIASPREV-000067,Enfermeiro,efetivo,11227.37,Unidade GOIASPREV - Setor 18,ativo,M,divorciada,parda,Brasileira,servidor.83080305647@goias.gov.br,(62) 99225-1862,3.4,2025
Juliana Nogueira Moura,05525820420,13/02/1964,GOIASPREV,25/12/2012,,GES-GOIASPREV-000068,Advogado,efetivo,8143.93,Unidade GOIASPREV - Setor 24,ativo,M,divorciado,negra,Brasileira,servidor.05525820420@goias.gov.br,(62) 94974-8600,3.7,2024
Paulo Gomes Silva,74905425026,13/07/1977,GOIASPREV,17/01/2020,,GES-GOIASPREV-000069,Assessor,efetivo,9136.08,Unidade GOIASPREV - Setor 1,ativo,F,solteiro,amarela,Brasileira,servidor.74905425026@goias.gov.br,(62) 96038-2703,3.4,2023
João Cardoso Ferreira,16986505663,30/08/1997,GOIASPREV,06/03/2021,,GES-GOIASPREV-000070,Administrativo,comissionado,13298.26,Unidade GOIASPREV - Setor 34,afastado,F,divorciada,amarela,Brasileira,servidor.16986505663@goias.gov.br,(62) 92391-2565,4.0,2025
Daniel Lopes Lima,75346380205,19/05/1995,GOIASPREV,22/01/2015,,GES-GOIASPREV-000071,Enfermeiro,efetivo,12755.69,Unidade GOIASPREV - Setor 26,ativo,F,divorciada,amarela,Brasileira,servidor.75346380205@goias.gov.br,(62) 95455-4827,3.1,2023
Gabriela Ribeiro Nunes,04788560917,18/03/1972,GOIASPREV,24/03/2021,,GES-GOIASPREV-000072,Pedagogo,efetivo,4212.62,Unidade GOIASPREV - Setor 23,ativo,M,viúva,negra,Brasileira,servidor.04788560917@goias.gov.br,(62) 98591-5341,4.7,2023
Vinícius Oliveira Martins,80473698579,20/02/1974,GOIASPREV,10/10/2025,,GES-GOIASPREV-000073,Advogado,efetivo,11120.54,Unidade GOIASPREV - Setor 23,ativo,F,união estável,parda,Brasileira,servidor.80473698579@goias.gov.br,(62) 95896-5262,4.6,2023
Renata Machado Dias,99389534178,15/10/1962,GOIASPREV,20/02/2013,,GES-GOIASPREV-000074,Técnico,efetivo,12205.59,Unidade GOIASPREV - Setor 9,ativo,M,solteiro,parda,Brasileira,servidor.99389534178@goias.gov.br,(62) 94641-3141,3.4,2024
Fábio Cavalcanti Cavalcanti,18697745152,24/05/1993,GOIASPREV,12/07/2025,,GES-GOIASPREV-000075,Professor,comissionado,3677.35,Unidade GOIASPREV - Setor 5,afastado,M,viúva,branca,Brasileira,servidor.18697745152@goias.gov.br,(62) 92506-6432,3.2,2024
Helena Monteiro Ramos,54448444864,17/07/1964,GOIASPREV,15/07/2002,,GES-GOIASPREV-000076,Analista,efetivo,7791.97,Unidade GOIASPREV - Setor 23,afastado,M,casado,negra,Brasileira,servidor.54448444864@goias.gov.br,(62) 95585-8307,4.8,2023
Renata Costa Souza,93008525075,18/01/1982,GOIASPREV,14/04/2013,,GES-GOIASPREV-000077,Assistente,efetivo,4405.66,Unidade GOIASPREV - Setor 13,ativo,M,união estável,parda,Brasileira,servidor.93008525075@goias.gov.br,(62) 97266-6883,4.0,2024
Elisa Cardoso Carvalho,78903315170,12/11/1990,GOIASPREV,20/07/2021,,GES-GOIASPREV-000078,Analista,efetivo,5362.54,Unidade GOIASPREV - Setor 18,ativo,M,viúva,negra,Brasileira,servidor.78903315170@goias.gov.br,(62) 94813-3615,3.2,2025
Daniel Rocha Pinto,38757705445,20/08/1981,GOIASPREV,03/08/2011,,GES-GOIASPREV-000079,Tecnologista,efetivo,12618.9,Unidade GOIASPREV - Setor 12,ativo,M,casada,negra,Brasileira,servidor.38757705445@goias.gov.br,(62) 96878-1462,4.4,2024
Marina Fernandes Moura,21613245947,30/09/1972,GOIASPREV,04/04/2020,,GES-GOIASPREV-000080,Engenheiro,efetivo,3856.01,Unidade GOIASPREV - Setor 15,afastado,M,solteiro,amarela,Brasileira,servidor.21613245947@goias.gov.br,(62) 91011-6435,4.8,2023
André Souza Santos,14777092666,15/09/1971,GOIASPREV,14/04/2010,,GES-GOIASPREV-000081,Contador,efetivo,13531.52,Unidade GOIASPREV - Setor 8,ativo,F,solteira,negra,Brasileira,servidor.14777092666@goias.gov.br,(62) 97481-2655,3.7,2024
Helena Ramos Teixeira,68102467037,29/03/1972,GOIASPREV,24/01/2002,,GES-GOIASPREV-000082,Engenheiro,efetivo,9375.13,Unidade GOIASPREV - Setor 40,ativo,F,casada,branca,Brasileira,servidor.68102467037@goias.gov.br,(62) 97199-6026,4.5,2024
Samuel Monteiro Pinto,18474408784,04/06/1971,GOIASPREV,21/12/2002,,GES-GOIASPREV-000083,Administrativo,efetivo,6523.14,Unidade GOIASPREV - Setor 40,ativo,M,solteira,amarela,Brasileira,servidor.18474408784@goias.gov.br,(62) 93304-6425,4.5,2023
Fábio Freitas Nunes,06655045274,11/02/1991,GOIASPREV,12/04/2016,,GES-GOIASPREV-000084,Analista,efetivo,5719.63,Unidade GOIASPREV - Setor 5,ativo,F,divorciado,parda,Brasileira,servidor.06655045274@goias.gov.br,(62) 91020-1788,3.8,2025
Marina Melo Barros,89734362879,25/08/1997,GOIASPREV,06/07/2017,,GES-GOIASPREV-000085,Analista,efetivo,12497.04,Unidade GOIASPREV - Setor 37,afastado,M,casado,amarela,Brasileira,servidor.89734362879@goias.gov.br,(62) 92207-1547,3.6,2024
Karina Melo Ribeiro,74011151319,05/06/1983,GOIASPREV,14/02/2006,,GES-GOIASPREV-000086,Assistente,efetivo,13308.05,Unidade GOIASPREV - Setor 6,ativo,F,viúva,parda,Brasileira,servidor.74011151319@goias.gov.br,(62) 98066-3703,4.2,2024
